{
  "border": {
    "w": 0.0,
    "x": 0.0,
    "y": 0.0,
    "z": 0.0
  },
  "name": "all_tower_portraits_0002",
  "pivot": {
    "x": 0.5,
    "y": 0.5
  },
  "pixels_to_units": 200.0,
  "rect": {
    "height": 1280.0,
    "width": 1284.0,
    "x": 0.0,
    "y": 0.0
  },
  "texture_name": "all_tower_portraits_0002",
  "texture_path_id": -9063369891251357449,
  "texture_rect": {
    "height": 1165.8970947265625,
    "width": 1060.8760986328125,
    "x": 117.07611846923828,
    "y": 17.076120376586914
  }
}
