{
  "border": {
    "w": 0.0,
    "x": 0.0,
    "y": 0.0,
    "z": 0.0
  },
  "name": "all_heroes_portraits_0017",
  "pivot": {
    "x": 0.5,
    "y": 0.5
  },
  "pixels_to_units": 200.0,
  "rect": {
    "height": 1280.0,
    "width": 1284.0,
    "x": 0.0,
    "y": 0.0
  },
  "texture_name": "all_heroes_portraits_0017",
  "texture_path_id": -6665637662558102149,
  "texture_rect": {
    "height": 1093.8970947265625,
    "width": 1188.84765625,
    "x": 65.07611846923828,
    "y": 120.07611846923828
  }
}
