{
  "border": {
    "w": 0.0,
    "x": 0.0,
    "y": 0.0,
    "z": 0.0
  },
  "name": "all_tower_portraits_0011",
  "pivot": {
    "x": 0.5,
    "y": 0.5
  },
  "pixels_to_units": 200.0,
  "rect": {
    "height": 1280.0,
    "width": 1284.0,
    "x": 0.0,
    "y": 0.0
  },
  "texture_name": "all_tower_portraits_0011",
  "texture_path_id": -7638793645894975594,
  "texture_rect": {
    "height": 1261.923828125,
    "width": 1193.9637451171875,
    "x": 90.03628540039062,
    "y": 0.0
  }
}
