{
  "border": {
    "w": 0.0,
    "x": 0.0,
    "y": 0.0,
    "z": 0.0
  },
  "name": "all_tower_portraits_0001",
  "pivot": {
    "x": 0.5,
    "y": 0.5
  },
  "pixels_to_units": 200.0,
  "rect": {
    "height": 1280.0,
    "width": 1284.0,
    "x": 0.0,
    "y": 0.0
  },
  "texture_name": "all_tower_portraits_0001",
  "texture_path_id": 9212239588620908921,
  "texture_rect": {
    "height": 1026.910888671875,
    "width": 852.8477172851562,
    "x": 280.07611083984375,
    "y": 72.01290893554688
  }
}
