{
  "border": {
    "w": 0.0,
    "x": 0.0,
    "y": 0.0,
    "z": 0.0
  },
  "name": "all_tower_portraits_0007",
  "pivot": {
    "x": 0.5,
    "y": 0.5
  },
  "pixels_to_units": 200.0,
  "rect": {
    "height": 1280.0,
    "width": 1284.0,
    "x": 0.0,
    "y": 0.0
  },
  "texture_name": "all_tower_portraits_0007",
  "texture_path_id": -497906208381849291,
  "texture_rect": {
    "height": 1033.8970947265625,
    "width": 995.8477172851562,
    "x": 162.0761260986328,
    "y": 148.02674865722656
  }
}
