{
  "border": {
    "w": 0.0,
    "x": 0.0,
    "y": 0.0,
    "z": 0.0
  },
  "name": "all_tower_portraits_0004",
  "pivot": {
    "x": 0.5,
    "y": 0.5
  },
  "pixels_to_units": 200.0,
  "rect": {
    "height": 1280.0,
    "width": 1284.0,
    "x": 0.0,
    "y": 0.0
  },
  "texture_name": "all_tower_portraits_0004",
  "texture_path_id": -8856429148806459081,
  "texture_rect": {
    "height": 1035.84765625,
    "width": 1006.910888671875,
    "x": 238.01290893554688,
    "y": 25.076120376586914
  }
}
