{
  "border": {
    "w": 0.0,
    "x": 0.0,
    "y": 0.0,
    "z": 0.0
  },
  "name": "all_heroes_portraits_0016",
  "pivot": {
    "x": 0.5,
    "y": 0.5
  },
  "pixels_to_units": 200.0,
  "rect": {
    "height": 1280.0,
    "width": 1284.0,
    "x": 0.0,
    "y": 0.0
  },
  "texture_name": "all_heroes_portraits_0016",
  "texture_path_id": -896246869635000624,
  "texture_rect": {
    "height": 1029.8970947265625,
    "width": 1188.84765625,
    "x": 49.07612228393555,
    "y": 142.02674865722656
  }
}
