{
  "border": {
    "w": 0.0,
    "x": 0.0,
    "y": 0.0,
    "z": 0.0
  },
  "name": "all_heroes_portraits_0001",
  "pivot": {
    "x": 0.5,
    "y": 0.5
  },
  "pixels_to_units": 200.0,
  "rect": {
    "height": 1280.0,
    "width": 1284.0,
    "x": 0.0,
    "y": 0.0
  },
  "texture_name": "all_heroes_portraits_0001",
  "texture_path_id": -5004775273042175318,
  "texture_rect": {
    "height": 922.8477172851562,
    "width": 831.8809204101562,
    "x": 278.07611083984375,
    "y": 197.0761260986328
  }
}
