{
  "border": {
    "w": 0.0,
    "x": 0.0,
    "y": 0.0,
    "z": 0.0
  },
  "name": "all_heroes_portraits_0014",
  "pivot": {
    "x": 0.5,
    "y": 0.5
  },
  "pixels_to_units": 200.0,
  "rect": {
    "height": 1280.0,
    "width": 1284.0,
    "x": 0.0,
    "y": 0.0
  },
  "texture_name": "all_heroes_portraits_0014",
  "texture_path_id": -783987801185981979,
  "texture_rect": {
    "height": 1098.84765625,
    "width": 1284.0,
    "x": 0.0,
    "y": 56.07612228393555
  }
}
