{
  "border": {
    "w": 0.0,
    "x": 0.0,
    "y": 0.0,
    "z": 0.0
  },
  "name": "all_heroes_portraits_0003",
  "pivot": {
    "x": 0.5,
    "y": 0.5
  },
  "pixels_to_units": 200.0,
  "rect": {
    "height": 1280.0,
    "width": 1284.0,
    "x": 0.0,
    "y": 0.0
  },
  "texture_name": "all_heroes_portraits_0003",
  "texture_path_id": -3674608380242517849,
  "texture_rect": {
    "height": 1016.8477172851562,
    "width": 1104.8970947265625,
    "x": 139.0761260986328,
    "y": 107.07611846923828
  }
}
