{
  "border": {
    "w": 0.0,
    "x": 0.0,
    "y": 0.0,
    "z": 0.0
  },
  "name": "all_heroes_portraits_0015",
  "pivot": {
    "x": 0.5,
    "y": 0.5
  },
  "pixels_to_units": 200.0,
  "rect": {
    "height": 1280.0,
    "width": 1284.0,
    "x": 0.0,
    "y": 0.0
  },
  "texture_name": "all_heroes_portraits_0015",
  "texture_path_id": 7005067116091531436,
  "texture_rect": {
    "height": 978.8477172851562,
    "width": 999.8477172851562,
    "x": 105.07611846923828,
    "y": 136.0761260986328
  }
}
