{
  "border": {
    "w": 0.0,
    "x": 0.0,
    "y": 0.0,
    "z": 0.0
  },
  "name": "all_tower_portraits_0022",
  "pivot": {
    "x": 0.5,
    "y": 0.5
  },
  "pixels_to_units": 200.0,
  "rect": {
    "height": 1280.0,
    "width": 1284.0,
    "x": 0.0,
    "y": 0.0
  },
  "texture_name": "all_tower_portraits_0022",
  "texture_path_id": 6865361545477525520,
  "texture_rect": {
    "height": 1045.84765625,
    "width": 1134.9732666015625,
    "x": 149.02674865722656,
    "y": 50.07612228393555
  }
}
