{
  "border": {
    "w": 0.0,
    "x": 0.0,
    "y": 0.0,
    "z": 0.0
  },
  "name": "all_tower_portraits_0016",
  "pivot": {
    "x": 0.5,
    "y": 0.5
  },
  "pixels_to_units": 200.0,
  "rect": {
    "height": 1280.0,
    "width": 1284.0,
    "x": 0.0,
    "y": 0.0
  },
  "texture_name": "all_tower_portraits_0016",
  "texture_path_id": 5639760357026556375,
  "texture_rect": {
    "height": 895.8970947265625,
    "width": 1134.84765625,
    "x": 60.07612228393555,
    "y": 210.02674865722656
  }
}
