{
  "border": {
    "w": 0.0,
    "x": 0.0,
    "y": 0.0,
    "z": 0.0
  },
  "name": "all_heroes_portraits_0013",
  "pivot": {
    "x": 0.5,
    "y": 0.5
  },
  "pixels_to_units": 200.0,
  "rect": {
    "height": 1280.0,
    "width": 1284.0,
    "x": 0.0,
    "y": 0.0
  },
  "texture_name": "all_heroes_portraits_0013",
  "texture_path_id": 1597995857776558427,
  "texture_rect": {
    "height": 951.8477172851562,
    "width": 1246.9732666015625,
    "x": 0.0,
    "y": 138.0761260986328
  }
}
