{
  "border": {
    "w": 0.0,
    "x": 0.0,
    "y": 0.0,
    "z": 0.0
  },
  "name": "all_heroes_portraits_0011",
  "pivot": {
    "x": 0.5,
    "y": 0.5
  },
  "pixels_to_units": 200.0,
  "rect": {
    "height": 1280.0,
    "width": 1284.0,
    "x": 0.0,
    "y": 0.0
  },
  "texture_name": "all_heroes_portraits_0011",
  "texture_path_id": -7610866149895232627,
  "texture_rect": {
    "height": 1085.84765625,
    "width": 1262.8970947265625,
    "x": 9.076120376586914,
    "y": 101.07611846923828
  }
}
