{
  "border": {
    "w": 0.0,
    "x": 0.0,
    "y": 0.0,
    "z": 0.0
  },
  "name": "all_heroes_portraits_0005",
  "pivot": {
    "x": 0.5,
    "y": 0.5
  },
  "pixels_to_units": 200.0,
  "rect": {
    "height": 1280.0,
    "width": 1284.0,
    "x": 0.0,
    "y": 0.0
  },
  "texture_name": "all_heroes_portraits_0005",
  "texture_path_id": 8598254516545716143,
  "texture_rect": {
    "height": 1078.9732666015625,
    "width": 1065.910888671875,
    "x": 76.07611846923828,
    "y": 201.02674865722656
  }
}
