{
  "border": {
    "w": 0.0,
    "x": 0.0,
    "y": 0.0,
    "z": 0.0
  },
  "name": "all_heroes_portraits_0007",
  "pivot": {
    "x": 0.5,
    "y": 0.5
  },
  "pixels_to_units": 200.0,
  "rect": {
    "height": 1280.0,
    "width": 1284.0,
    "x": 0.0,
    "y": 0.0
  },
  "texture_name": "all_heroes_portraits_0007",
  "texture_path_id": 8357654401600941737,
  "texture_rect": {
    "height": 1025.84765625,
    "width": 1224.84765625,
    "x": 33.07612228393555,
    "y": 114.07611846923828
  }
}
