{
  "border": {
    "w": 0.0,
    "x": 0.0,
    "y": 0.0,
    "z": 0.0
  },
  "name": "all_heroes_portraits_0002",
  "pivot": {
    "x": 0.5,
    "y": 0.699999988079071
  },
  "pixels_to_units": 200.0,
  "rect": {
    "height": 1280.0,
    "width": 1284.0,
    "x": 0.0,
    "y": 0.0
  },
  "texture_name": "all_heroes_portraits_0002",
  "texture_path_id": -2872524736860017000,
  "texture_rect": {
    "height": 758.8477172851562,
    "width": 829.8971557617188,
    "x": 253.0761260986328,
    "y": 327.07611083984375
  }
}
