{
  "border": {
    "w": 0.0,
    "x": 0.0,
    "y": 0.0,
    "z": 0.0
  },
  "name": "all_tower_portraits_0020",
  "pivot": {
    "x": 0.5,
    "y": 0.5
  },
  "pixels_to_units": 200.0,
  "rect": {
    "height": 1280.0,
    "width": 1284.0,
    "x": 0.0,
    "y": 0.0
  },
  "texture_name": "all_tower_portraits_0020",
  "texture_path_id": 1302308028314866037,
  "texture_rect": {
    "height": 978.8477172851562,
    "width": 1120.84765625,
    "x": 85.07611846923828,
    "y": 151.0761260986328
  }
}
