{
  "border": {
    "w": 0.0,
    "x": 0.0,
    "y": 0.0,
    "z": 0.0
  },
  "name": "all_tower_portraits_0006",
  "pivot": {
    "x": 0.5,
    "y": 0.5
  },
  "pixels_to_units": 200.0,
  "rect": {
    "height": 1280.0,
    "width": 1284.0,
    "x": 0.0,
    "y": 0.0
  },
  "texture_name": "all_tower_portraits_0006",
  "texture_path_id": 6598516491273910228,
  "texture_rect": {
    "height": 955.8477172851562,
    "width": 1215.8970947265625,
    "x": 30.026750564575195,
    "y": 109.07611846923828
  }
}
