{
  "border": {
    "w": 0.0,
    "x": 0.0,
    "y": 0.0,
    "z": 0.0
  },
  "name": "asst_vs_container_hero",
  "pivot": {
    "x": 0.5181818008422852,
    "y": 0.4909090995788574
  },
  "pixels_to_units": 200.0,
  "rect": {
    "height": 220.0,
    "width": 220.0,
    "x": 374.0,
    "y": 17.0
  },
  "texture_name": "MatchLoading",
  "texture_path_id": 851882738781781371,
  "texture_rect": {
    "height": 220.0,
    "width": 220.0,
    "x": 374.0,
    "y": 17.0
  }
}
