{
  "border": {
    "w": 0.0,
    "x": 0.0,
    "y": 0.0,
    "z": 0.0
  },
  "name": "asst_cardinfo_towerskill_selected_frame",
  "pivot": {
    "x": 0.49715909361839294,
    "y": 0.5030674934387207
  },
  "pixels_to_units": 200.0,
  "rect": {
    "height": 163.0,
    "width": 176.0,
    "x": 2047.0,
    "y": 1396.0
  },
  "texture_name": "MetagameCardInfo",
  "texture_path_id": -3143468699496145507,
  "texture_rect": {
    "height": 163.0,
    "width": 176.0,
    "x": 2047.0,
    "y": 1396.0
  }
}
