{
  "border": {
    "w": 0.0,
    "x": 0.0,
    "y": 0.0,
    "z": 0.0
  },
  "name": "boosters_defense_icons_herodmg",
  "pivot": {
    "x": 0.49902912974357605,
    "y": 0.5
  },
  "pixels_to_units": 112.28070068359375,
  "rect": {
    "height": 315.5491638183594,
    "width": 289.122802734375,
    "x": 1174.4561767578125,
    "y": 1280.725341796875
  },
  "texture_name": "WaveModifiersIcons",
  "texture_path_id": 1,
  "texture_rect": {
    "height": 315.5491638183594,
    "width": 289.122802734375,
    "x": 1174.4561767578125,
    "y": 1280.725341796875
  }
}
