{
  "border": {
    "w": 0.0,
    "x": 0.0,
    "y": 0.0,
    "z": 0.0
  },
  "name": "quickmenu-quickmenu_tower_accept",
  "pivot": {
    "x": 0.49673202633857727,
    "y": 0.5096774101257324
  },
  "pixels_to_units": 400.0,
  "rect": {
    "height": 155.0,
    "width": 153.0,
    "x": 1793.0,
    "y": 435.0
  },
  "texture_name": "GameHud",
  "texture_path_id": -2768117310584031909,
  "texture_rect": {
    "height": 155.0,
    "width": 153.0,
    "x": 1793.0,
    "y": 435.0
  }
}
