{
  "border": {
    "w": 0.0,
    "x": 0.0,
    "y": 0.0,
    "z": 0.0
  },
  "name": "towerskills-quickmenu_rocket_ground",
  "pivot": {
    "x": 0.49635037779808044,
    "y": 0.5259259343147278
  },
  "pixels_to_units": 400.0,
  "rect": {
    "height": 135.0,
    "width": 137.0,
    "x": 1427.0,
    "y": 25.0
  },
  "texture_name": "QuickmenuIcons",
  "texture_path_id": 284402437092857980,
  "texture_rect": {
    "height": 135.0,
    "width": 137.0,
    "x": 1427.0,
    "y": 25.0
  }
}
