{
  "border": {
    "w": 0.0,
    "x": 0.0,
    "y": 0.0,
    "z": 0.0
  },
  "name": "trophy_creep_icon_t1_12",
  "pivot": {
    "x": 0.49425286054611206,
    "y": 0.11564625799655914
  },
  "pixels_to_units": 200.0,
  "rect": {
    "height": 147.0,
    "width": 174.0,
    "x": 208.0,
    "y": 149.0
  },
  "texture_name": "MetagameTrophyRoadCreeps",
  "texture_path_id": 8681250179201431202,
  "texture_rect": {
    "height": 147.0,
    "width": 174.0,
    "x": 208.0,
    "y": 149.0
  }
}
