{
  "border": {
    "w": 0.0,
    "x": 0.0,
    "y": 0.0,
    "z": 0.0
  },
  "name": "trophy_creep_icon_t3_2",
  "pivot": {
    "x": 0.4691357910633087,
    "y": 0.14473684132099152
  },
  "pixels_to_units": 200.0,
  "rect": {
    "height": 76.0,
    "width": 81.0,
    "x": 884.0,
    "y": 500.0
  },
  "texture_name": "MetagameTrophyRoadCreeps",
  "texture_path_id": 8681250179201431202,
  "texture_rect": {
    "height": 76.0,
    "width": 81.0,
    "x": 884.0,
    "y": 500.0
  }
}
