{
  "border": {
    "w": 0.0,
    "x": 0.0,
    "y": 0.0,
    "z": 0.0
  },
  "name": "trophy_creep_icon_t1_14",
  "pivot": {
    "x": 0.5151515007019043,
    "y": 0.1111111119389534
  },
  "pixels_to_units": 200.0,
  "rect": {
    "height": 108.0,
    "width": 99.0,
    "x": 614.0,
    "y": 193.0
  },
  "texture_name": "MetagameTrophyRoadCreeps",
  "texture_path_id": 8681250179201431202,
  "texture_rect": {
    "height": 108.0,
    "width": 99.0,
    "x": 614.0,
    "y": 193.0
  }
}
