{
  "border": {
    "w": 0.0,
    "x": 0.0,
    "y": 0.0,
    "z": 0.0
  },
  "name": "trophy_creep_icon_t3_7",
  "pivot": {
    "x": 0.5531914830207825,
    "y": 0.09909909963607788
  },
  "pixels_to_units": 200.0,
  "rect": {
    "height": 111.0,
    "width": 94.0,
    "x": 572.0,
    "y": 308.0
  },
  "texture_name": "MetagameTrophyRoadCreeps",
  "texture_path_id": 8681250179201431202,
  "texture_rect": {
    "height": 111.0,
    "width": 94.0,
    "x": 572.0,
    "y": 308.0
  }
}
