{
  "border": {
    "w": 0.0,
    "x": 0.0,
    "y": 0.0,
    "z": 0.0
  },
  "name": "trophy_creep_icon_t1_13",
  "pivot": {
    "x": 0.5287356376647949,
    "y": 0.09638553857803345
  },
  "pixels_to_units": 200.0,
  "rect": {
    "height": 83.0,
    "width": 87.0,
    "x": 606.0,
    "y": 29.0
  },
  "texture_name": "MetagameTrophyRoadCreeps",
  "texture_path_id": 8681250179201431202,
  "texture_rect": {
    "height": 83.0,
    "width": 87.0,
    "x": 606.0,
    "y": 29.0
  }
}
