{
  "border": {
    "w": 0.0,
    "x": 0.0,
    "y": 0.0,
    "z": 0.0
  },
  "name": "trophy_creep_icon_t3_5",
  "pivot": {
    "x": 0.47826087474823,
    "y": 0.095238097012043
  },
  "pixels_to_units": 200.0,
  "rect": {
    "height": 105.0,
    "width": 92.0,
    "x": 819.0,
    "y": 240.0
  },
  "texture_name": "MetagameTrophyRoadCreeps",
  "texture_path_id": 8681250179201431202,
  "texture_rect": {
    "height": 105.0,
    "width": 92.0,
    "x": 819.0,
    "y": 240.0
  }
}
