{
  "border": {
    "w": 0.0,
    "x": 0.0,
    "y": 0.0,
    "z": 0.0
  },
  "name": "trophy_creep_icon_t1_10",
  "pivot": {
    "x": 0.5371900796890259,
    "y": -0.18518517911434174
  },
  "pixels_to_units": 200.0,
  "rect": {
    "height": 81.0,
    "width": 121.0,
    "x": 756.0,
    "y": 540.0
  },
  "texture_name": "MetagameTrophyRoadCreeps",
  "texture_path_id": 8681250179201431202,
  "texture_rect": {
    "height": 81.0,
    "width": 121.0,
    "x": 756.0,
    "y": 540.0
  }
}
