{
  "border": {
    "w": 0.0,
    "x": 0.0,
    "y": 0.0,
    "z": 0.0
  },
  "name": "trophy_creep_icon_t2_3",
  "pivot": {
    "x": 0.5547945499420166,
    "y": 0.11038961261510849
  },
  "pixels_to_units": 200.0,
  "rect": {
    "height": 154.0,
    "width": 146.0,
    "x": 871.0,
    "y": 950.0
  },
  "texture_name": "MetagameTrophyRoadCreeps",
  "texture_path_id": 8681250179201431202,
  "texture_rect": {
    "height": 154.0,
    "width": 146.0,
    "x": 871.0,
    "y": 950.0
  }
}
