{
  "border": {
    "w": 0.0,
    "x": 0.0,
    "y": 0.0,
    "z": 0.0
  },
  "name": "trophy_creep_icon_t4_3",
  "pivot": {
    "x": 0.5433070659637451,
    "y": 0.13235294818878174
  },
  "pixels_to_units": 200.0,
  "rect": {
    "height": 136.0,
    "width": 127.0,
    "x": 340.0,
    "y": 6.0
  },
  "texture_name": "MetagameTrophyRoadCreeps",
  "texture_path_id": 8681250179201431202,
  "texture_rect": {
    "height": 136.0,
    "width": 127.0,
    "x": 340.0,
    "y": 6.0
  }
}
