{
  "border": {
    "w": 0.0,
    "x": 0.0,
    "y": 0.0,
    "z": 0.0
  },
  "name": "trophy_creep_icon_t2_7",
  "pivot": {
    "x": 0.4610389471054077,
    "y": 0.1111111119389534
  },
  "pixels_to_units": 200.0,
  "rect": {
    "height": 135.0,
    "width": 154.0,
    "x": 179.0,
    "y": 7.0
  },
  "texture_name": "MetagameTrophyRoadCreeps",
  "texture_path_id": 8681250179201431202,
  "texture_rect": {
    "height": 135.0,
    "width": 154.0,
    "x": 179.0,
    "y": 7.0
  }
}
