{
  "border": {
    "w": 0.0,
    "x": 0.0,
    "y": 0.0,
    "z": 0.0
  },
  "name": "trophy_creep_icon_t3_1",
  "pivot": {
    "x": 0.5333333611488342,
    "y": 0.14102564752101898
  },
  "pixels_to_units": 200.0,
  "rect": {
    "height": 78.0,
    "width": 75.0,
    "x": 890.0,
    "y": 415.0
  },
  "texture_name": "MetagameTrophyRoadCreeps",
  "texture_path_id": 8681250179201431202,
  "texture_rect": {
    "height": 78.0,
    "width": 75.0,
    "x": 890.0,
    "y": 415.0
  }
}
