{
  "border": {
    "w": 0.0,
    "x": 0.0,
    "y": 0.0,
    "z": 0.0
  },
  "name": "trophy_creep_icon_t3_3",
  "pivot": {
    "x": 0.6103895902633667,
    "y": 0.09677419066429138
  },
  "pixels_to_units": 200.0,
  "rect": {
    "height": 93.0,
    "width": 77.0,
    "x": 822.0,
    "y": 61.0
  },
  "texture_name": "MetagameTrophyRoadCreeps",
  "texture_path_id": 8681250179201431202,
  "texture_rect": {
    "height": 93.0,
    "width": 77.0,
    "x": 822.0,
    "y": 61.0
  }
}
