{
  "border": {
    "w": 0.0,
    "x": 0.0,
    "y": 0.0,
    "z": 0.0
  },
  "name": "trophy_creep_icon_t2_5",
  "pivot": {
    "x": 0.5783132314682007,
    "y": 0.09756097197532654
  },
  "pixels_to_units": 200.0,
  "rect": {
    "height": 82.0,
    "width": 83.0,
    "x": 886.0,
    "y": 583.0
  },
  "texture_name": "MetagameTrophyRoadCreeps",
  "texture_path_id": 8681250179201431202,
  "texture_rect": {
    "height": 82.0,
    "width": 83.0,
    "x": 886.0,
    "y": 583.0
  }
}
