{
  "border": {
    "w": 0.0,
    "x": 0.0,
    "y": 0.0,
    "z": 0.0
  },
  "name": "trophy_creep_icon_t1_4",
  "pivot": {
    "x": 0.5204081535339355,
    "y": 0.11999999731779099
  },
  "pixels_to_units": 200.0,
  "rect": {
    "height": 100.0,
    "width": 98.0,
    "x": 772.0,
    "y": 433.0
  },
  "texture_name": "MetagameTrophyRoadCreeps",
  "texture_path_id": 8681250179201431202,
  "texture_rect": {
    "height": 100.0,
    "width": 98.0,
    "x": 772.0,
    "y": 433.0
  }
}
