{
  "border": {
    "w": 0.0,
    "x": 0.0,
    "y": 0.0,
    "z": 0.0
  },
  "name": "trophy_creep_icon_t2_9",
  "pivot": {
    "x": 0.5514018535614014,
    "y": 0.1354166716337204
  },
  "pixels_to_units": 200.0,
  "rect": {
    "height": 96.0,
    "width": 107.0,
    "x": 913.0,
    "y": 847.0
  },
  "texture_name": "MetagameTrophyRoadCreeps",
  "texture_path_id": 8681250179201431202,
  "texture_rect": {
    "height": 96.0,
    "width": 107.0,
    "x": 913.0,
    "y": 847.0
  }
}
