{
  "border": {
    "w": 0.0,
    "x": 0.0,
    "y": 0.0,
    "z": 0.0
  },
  "name": "trophy_creep_icon_t1_6",
  "pivot": {
    "x": 0.5360000133514404,
    "y": -0.011834319680929184
  },
  "pixels_to_units": 200.0,
  "rect": {
    "height": 169.0,
    "width": 125.0,
    "x": 623.0,
    "y": 735.0
  },
  "texture_name": "MetagameTrophyRoadCreeps",
  "texture_path_id": 8681250179201431202,
  "texture_rect": {
    "height": 169.0,
    "width": 125.0,
    "x": 623.0,
    "y": 735.0
  }
}
