{
  "border": {
    "w": 0.0,
    "x": 0.0,
    "y": 0.0,
    "z": 0.0
  },
  "name": "trophy_creep_icon_t3_11",
  "pivot": {
    "x": 0.4897959232330322,
    "y": 0.11398963630199432
  },
  "pixels_to_units": 200.0,
  "rect": {
    "height": 193.0,
    "width": 196.0,
    "x": 458.0,
    "y": 911.0
  },
  "texture_name": "MetagameTrophyRoadCreeps",
  "texture_path_id": 8681250179201431202,
  "texture_rect": {
    "height": 193.0,
    "width": 196.0,
    "x": 458.0,
    "y": 911.0
  }
}
