{
  "border": {
    "w": 0.0,
    "x": 0.0,
    "y": 0.0,
    "z": 0.0
  },
  "name": "trophy_creep_icon_t3_10",
  "pivot": {
    "x": 0.503311276435852,
    "y": -0.10476190596818924
  },
  "pixels_to_units": 200.0,
  "rect": {
    "height": 105.0,
    "width": 151.0,
    "x": 755.0,
    "y": 825.0
  },
  "texture_name": "MetagameTrophyRoadCreeps",
  "texture_path_id": 8681250179201431202,
  "texture_rect": {
    "height": 105.0,
    "width": 151.0,
    "x": 755.0,
    "y": 825.0
  }
}
