{
  "border": {
    "w": 0.0,
    "x": 0.0,
    "y": 0.0,
    "z": 0.0
  },
  "name": "trophy_creep_icon_t2_10",
  "pivot": {
    "x": 0.417391300201416,
    "y": -0.1527777761220932
  },
  "pixels_to_units": 200.0,
  "rect": {
    "height": 72.0,
    "width": 115.0,
    "x": 700.0,
    "y": 28.0
  },
  "texture_name": "MetagameTrophyRoadCreeps",
  "texture_path_id": 8681250179201431202,
  "texture_rect": {
    "height": 72.0,
    "width": 115.0,
    "x": 700.0,
    "y": 28.0
  }
}
