{
  "border": {
    "w": 0.0,
    "x": 0.0,
    "y": 0.0,
    "z": 0.0
  },
  "name": "trophy_creep_icon_t4_10",
  "pivot": {
    "x": 0.5483871102333069,
    "y": 0.1794871836900711
  },
  "pixels_to_units": 200.0,
  "rect": {
    "height": 195.0,
    "width": 217.0,
    "x": 231.0,
    "y": 657.0
  },
  "texture_name": "MetagameTrophyRoadCreeps",
  "texture_path_id": 8681250179201431202,
  "texture_rect": {
    "height": 195.0,
    "width": 217.0,
    "x": 231.0,
    "y": 657.0
  }
}
