{
  "border": {
    "w": 0.0,
    "x": 0.0,
    "y": 0.0,
    "z": 0.0
  },
  "name": "trophy_creep_icon_t1_3",
  "pivot": {
    "x": 0.5256410241127014,
    "y": 0.14432989060878754
  },
  "pixels_to_units": 200.0,
  "rect": {
    "height": 97.0,
    "width": 78.0,
    "x": 687.0,
    "y": 406.0
  },
  "texture_name": "MetagameTrophyRoadCreeps",
  "texture_path_id": 8681250179201431202,
  "texture_rect": {
    "height": 97.0,
    "width": 78.0,
    "x": 687.0,
    "y": 406.0
  }
}
