{
  "border": {
    "w": 0.0,
    "x": 0.0,
    "y": 0.0,
    "z": 0.0
  },
  "name": "trophy_creep_icon_t4_6",
  "pivot": {
    "x": 0.5526315569877625,
    "y": 0.07758620381355286
  },
  "pixels_to_units": 200.0,
  "rect": {
    "height": 116.0,
    "width": 76.0,
    "x": 531.0,
    "y": 170.0
  },
  "texture_name": "MetagameTrophyRoadCreeps",
  "texture_path_id": 8681250179201431202,
  "texture_rect": {
    "height": 116.0,
    "width": 76.0,
    "x": 531.0,
    "y": 170.0
  }
}
