{
  "border": {
    "w": 0.0,
    "x": 0.0,
    "y": 0.0,
    "z": 0.0
  },
  "name": "trophy_creep_icon_t1_2",
  "pivot": {
    "x": 0.4471544623374939,
    "y": 0.08653846383094788
  },
  "pixels_to_units": 200.0,
  "rect": {
    "height": 104.0,
    "width": 123.0,
    "x": 756.0,
    "y": 628.0
  },
  "texture_name": "MetagameTrophyRoadCreeps",
  "texture_path_id": 8681250179201431202,
  "texture_rect": {
    "height": 104.0,
    "width": 123.0,
    "x": 756.0,
    "y": 628.0
  }
}
